Gender,Married,Dependents,Education,Self_Employed,ApplicantIncome,CoapplicantIncome,LoanAmount,Loan_Amount_Term,Credit_History,Property_Area,Loan_Status
1,0,0,0,0,0.07299082285068836,-0.5544867436156191,-0.21124124943736647,6,1,2,1
1,1,1,0,0,-0.13441195378345122,-0.03873103083355891,-0.21124124943736647,6,1,0,0
1,1,0,0,1,-0.3937473372051281,-0.5544867436156191,-0.9489964681145835,6,1,2,1
1,1,0,1,0,-0.4620624697931504,0.25198008048258913,-0.3064354712021687,6,1,2,1
1,0,0,0,0,0.09772843680942066,-0.5544867436156191,-0.05655063906956289,6,1,2,1
1,1,2,0,1,0.0022183113925933404,0.8806001070697421,1.4427583537260718,6,1,2,1
1,1,0,1,0,-0.5030187842943628,-0.03599492625646575,-0.6039174142171756,6,1,2,1
1,1,3,0,0,-0.38784962791695354,0.30191398901453925,0.1457370821806418,6,0,1,0
1,1,2,0,0,-0.22893912765224944,-0.0325747955350993,0.26472985938664456,6,1,2,1
1,1,1,0,0,1.2184570268205968,3.1967126315791003,2.4184991268152944,6,1,1,0
1,1,2,0,0,-0.3609822856041582,-0.31507759311996786,-0.9013993572321825,6,1,2,1
1,1,2,0,0,-0.4756599662075529,0.07481730911580714,-0.4373275261287717,6,1,2,1
1,1,2,0,0,-0.38178809337077413,2.217871219124023,0.6455067464458534,6,1,2,1
1,0,0,0,0,-0.5816549081366906,0.41683038125245186,-0.3778311375257703,6,1,0,0
1,1,2,0,0,-0.6724141010713773,-0.18306054727522297,-1.532061076423997,1,1,2,1
1,0,0,0,0,-0.07428808409567142,-0.5544867436156191,-0.2469390825991673,6,1,2,1
1,0,1,1,0,-0.29610748343423776,-0.5544867436156191,-0.5444210256141742,3,1,2,1
0,0,0,0,0,-0.31019645562265485,-0.5544867436156191,-0.8300036909085807,6,0,2,0
1,1,0,1,0,-0.08460907534997694,-0.5544867436156191,-0.1517448608343651,6,1,0,0
1,1,0,0,0,-0.45927744040706797,0.6425590088626374,-0.36593185980517007,6,1,2,1
1,1,0,1,0,0.369678365097471,-0.5544867436156191,-0.49682391473177306,6,0,2,0
1,1,1,0,0,0.09035630019920242,1.3693367871530076,2.013923684314885,6,1,2,1
1,1,0,1,0,-0.45927744040706797,0.09910023723750892,-0.3540325820845698,6,0,1,0
1,1,2,1,0,-0.33395111803335803,0.10115231567032879,-0.4016296929669709,6,0,0,0
1,1,1,0,0,-0.27628462721565095,0.4459014923840667,0.06244213813643986,6,1,1,0
1,1,0,0,1,0.6809463553066852,-0.5544867436156191,0.5384132469604509,6,1,1,1
1,1,0,0,0,-0.4266762140641029,0.21606870790824143,-0.2826369157609681,6,1,1,1
1,1,2,1,0,-0.19289757089118253,-0.19879314859350863,-0.4254282484081714,6,1,2,1
1,0,0,1,0,-0.6489870891766838,-0.5544867436156191,-1.317874077453192,6,1,2,0
0,0,2,0,0,-0.2708783937014909,0.1579264856450118,-0.3064354712021687,6,1,1,1
1,1,1,0,0,-0.2027270863714735,0.597755296412737,0.6574060241664537,6,1,2,0
1,0,0,0,0,-0.36638851911831827,-0.5544867436156191,-0.8538022463497813,6,1,2,0
1,0,1,0,1,-0.11655500066092261,-0.5544867436156191,-0.4730253592905725,6,1,0,0
1,1,0,0,0,-0.3118347082027033,0.015649047636167604,-0.3778311375257703,6,1,1,1
1,0,3,0,0,1.162592613840943,0.471552472794315,2.0734200729178864,6,1,0,0
1,1,0,0,0,-0.512520649258644,0.1524542764908255,-0.21124124943736647,6,1,2,1
1,1,0,0,0,-0.5857505395868119,-0.09960935767388167,-0.5444210256141742,6,0,2,0
0,1,0,0,0,-0.28447589011589347,-0.0554896713682545,-0.020852805907762065,6,1,1,1
1,0,0,0,0,-0.2027270863714735,1.9114275064895896,0.45511830291624894,6,1,2,1
1,0,0,1,0,-0.2712060442175006,0.01599106070830425,-0.4254282484081714,6,1,1,1
1,0,0,0,0,-0.2954521824022184,-0.5544867436156191,-0.7824065800261797,6,1,2,0
1,0,0,0,0,-0.5903376468109477,-0.1396248871138691,-1.1750827448059888,6,1,2,1
1,1,0,0,0,-0.4920424920080379,-0.5544867436156191,-0.841902968629181,6,1,2,1
1,1,0,0,0,-0.23958776942256466,0.24445579289558292,-0.13984558311376483,6,1,1,1
1,1,0,1,1,-0.11606352488690806,-0.5544867436156191,-0.5920181364965753,6,1,2,1
0,0,0,0,0,-0.3265789814231398,-0.5544867436156191,-0.6872123582613775,6,1,2,1
1,1,1,0,0,0.04022577124971845,-0.5544867436156191,-1.2107805779677896,6,1,2,1
1,1,0,0,0,0.06840371562655258,-0.5544867436156191,-0.020852805907762065,6,1,2,1
0,1,0,0,0,-0.45190530379684973,0.6220382245344387,-0.3064354712021687,6,0,2,0
0,0,0,0,0,-0.22992207920027855,0.2235929954952476,-0.020852805907762065,6,1,1,1
0,1,0,1,0,-0.5693680137863268,0.007782746977024777,-0.5444210256141742,6,1,1,1
0,0,0,0,0,-0.3796583650167111,-0.5544867436156191,-0.3064354712021687,6,1,1,1
0,0,0,0,0,-0.19224226985916312,-0.5544867436156191,-0.4016296929669709,6,1,1,0
1,1,2,0,0,-0.1290057202692912,-0.5544867436156191,-0.13984558311376483,6,1,2,0
0,1,1,0,1,0.9987673558360934,-0.5544867436156191,1.6688446304174769,6,0,2,0
1,1,2,0,0,-0.4415843125425442,-0.15535748843215477,-0.580118858775975,6,1,1,1
1,1,0,0,0,-0.5359476611533376,-0.010343945846217393,-0.5920181364965753,6,1,1,1
1,1,0,0,0,-0.3337872927753532,0.19794201508499926,-0.12794630539316454,6,1,0,0
1,1,1,0,0,0.4384849734595078,0.21504266869183147,0.40752119203384785,6,1,2,1
1,1,2,1,0,-0.3352617200973968,0.4233286296230481,-0.020852805907762065,6,1,2,1
1,1,0,0,0,-0.4756599662075529,0.7437948782150843,-0.3064354712021687,6,1,2,1
1,1,3,0,0,-0.38899640472298747,-0.5544867436156191,-0.5563203033347744,6,1,2,1
1,1,0,1,1,-0.4578030130850243,0.6251163421836685,0.2290320262248437,2,0,0,0
1,1,1,0,0,-0.07510721038569566,-0.5544867436156191,-0.21124124943736647,6,0,0,0
0,0,0,0,0,-0.2027270863714735,-0.5544867436156191,-0.3540325820845698,6,0,1,0
1,1,0,0,0,0.052840316116091864,1.0170633228522634,1.3356648542406693,6,1,1,0
1,0,0,1,0,-0.3609822856041582,0.21641072098037806,-0.23503980487856702,2,0,2,0
1,1,1,0,0,0.8758984123324562,-0.5544867436156191,1.9782258511530841,6,1,2,1
1,1,3,1,1,0.2779362206147552,-0.5544867436156191,-0.2469390825991673,8,1,2,1
0,0,0,0,0,-0.18077450179882365,-0.5544867436156191,-0.11604702767256427,6,0,1,0
1,1,0,0,0,-0.3596716835401194,0.49412533555533356,0.31232697026904566,6,1,2,1
1,1,2,1,1,-0.5780507524605839,0.08678776664058971,-0.580118858775975,6,1,1,1
1,0,0,0,0,-0.3118347082027033,-0.5544867436156191,-0.7705073023055794,4,1,1,1
1,1,3,1,0,-0.10623400940661709,-0.5544867436156191,-0.6039174142171756,6,0,1,0
1,1,3,0,1,-0.02251930256613895,0.052244446354788594,0.49081613607804975,6,1,1,1
1,0,0,0,0,-0.2708783937014909,-0.5544867436156191,-0.3897304152463706,7,1,2,0
1,0,0,0,0,-0.2708783937014909,1.0700753490334434,0.35992408115144675,6,1,2,0
1,1,1,0,1,-0.7213978532148273,0.4790767603813212,-0.4254282484081714,6,1,2,0
1,1,3,0,0,-0.36638851911831827,0.8135655449309598,0.40752119203384785,4,0,1,0
1,1,3,1,1,-0.3391935262895132,0.18631357063235332,-0.18744269399616592,6,1,1,1
0,0,0,0,0,-0.25515116893302536,-0.5544867436156191,-0.41352897068757116,6,1,1,1
1,1,1,0,1,-0.49286161829806213,-0.5544867436156191,-0.21124124943736647,6,1,1,1
0,1,2,0,0,-0.6594719056889942,0.08883984507340958,0.2528305816660443,6,1,2,0
1,1,0,0,0,0.09772843680942066,0.21504266869183147,1.4189597982848712,6,1,1,0
1,1,1,0,0,-0.23188798229633673,-0.5544867436156191,-1.1393849116441879,3,1,2,1
1,0,0,0,0,-0.4976125507802028,0.3111483419622286,-0.11604702767256427,6,1,1,1
1,1,2,1,0,-0.3391935262895132,0.1295394006576703,-0.5563203033347744,6,1,1,1
1,1,0,0,0,-0.4756599662075529,0.16989694316979437,-0.49682391473177306,6,1,1,1
1,0,0,0,0,0.5181040488498647,-0.5544867436156191,0.7644995236518561,6,1,2,1
1,1,0,0,0,0.047761733117941525,0.8706817279777794,0.34802480343084646,6,1,1,1
1,1,0,0,0,-0.4006279980413318,0.43735116558065057,-0.17554341627556563,6,1,1,1
1,1,2,0,0,0.13868475131063304,1.3792551662449701,0.50271541379865,2,1,1,1
1,1,2,1,0,-0.3490230417698042,0.06797704767307425,-0.7705073023055794,6,1,2,1
1,0,0,0,0,-0.20813331988563355,-0.5544867436156191,-0.2826369157609681,6,1,1,1
1,0,0,1,0,-0.2921756772421214,-0.5544867436156191,-1.4368668546591947,1,1,1,1
1,0,0,0,0,0.22583978856921302,-0.5544867436156191,-0.21124124943736647,6,1,2,0
0,1,0,0,0,-0.4782811703356305,0.232827348442937,-0.10414774995196399,6,1,1,1
1,1,0,0,0,-0.5613405761440893,-0.21349971069538437,-1.1393849116441879,6,1,1,1
1,1,0,1,0,-0.19912293069536682,-0.5544867436156191,-0.36593185980517007,2,1,1,1
1,1,0,0,0,-0.5970544823891465,0.6565815448202398,-0.17554341627556563,6,1,1,1
1,1,2,1,0,-0.18274040489488186,0.5615019107662526,-0.1517448608343651,2,1,2,1
1,0,0,0,0,-0.09181738670219032,0.7472150089364507,0.06244213813643986,6,1,1,1
1,1,0,0,0,1.35099166054652,-0.5544867436156191,-0.21124124943736647,6,1,2,1
1,1,0,0,0,-0.1231080109811166,0.6709460938499789,-0.21124124943736647,6,1,1,1
1,1,0,0,0,-0.26006592667317086,-0.29660888722458906,0.16953563762184234,6,1,2,1
1,1,1,0,0,-0.38522842378887595,-0.2022132793148751,-0.5444210256141742,6,1,2,1
1,1,2,0,0,0.9851698594216909,-0.1693800243897572,0.9429886894608602,6,1,2,1
1,0,0,1,0,0.31610750572988516,-0.5544867436156191,-0.3064354712021687,6,1,0,0
1,1,2,0,0,-0.26268713080124845,0.6767603160763018,0.8358951899754578,6,0,2,0
1,1,3,1,0,-0.5459410018916334,-0.29660888722458906,-0.6158166919377758,7,1,1,1
1,0,0,0,0,-0.014328039665896469,-0.5544867436156191,-0.11604702767256427,6,1,2,1
0,1,0,0,0,-0.40537893052347246,0.243429753679173,-0.08034919451076344,6,1,1,1
1,1,0,1,0,-0.3000392896263542,0.8525550351545372,0.07434141585704014,6,0,0,0
0,0,1,0,1,0.33543888617445744,-0.5544867436156191,-0.21124124943736647,6,1,1,1
1,0,0,0,0,-0.05790555829518646,-0.5544867436156191,-0.3302340266433692,6,1,1,1
1,1,1,0,0,1.5038406262650446,-0.5544867436156191,0.4670175806368492,2,1,0,1
0,1,0,0,0,-0.36638851911831827,0.22632910007234075,0.09813997129824069,6,1,1,1
1,1,1,0,0,-0.5225139899969399,-0.07635246876858982,-0.7229101914231782,6,1,2,1
1,1,0,0,0,0.02695592535132563,0.17810525690107384,0.34802480343084646,6,1,0,0
0,0,0,0,0,0.8198701740947977,-0.5544867436156191,1.3475641319612697,6,1,2,1
1,1,0,0,0,0.04317462589380574,0.3576621197728123,0.40752119203384785,6,1,0,1
0,0,0,0,0,-0.2027270863714735,-0.5544867436156191,-1.2107805779677896,6,1,1,1
0,0,0,0,0,-0.5351285348633134,2.5167906441714507,-0.10414774995196399,6,0,1,1
1,1,2,0,0,-0.40079182329933666,-0.5544867436156191,-0.7705073023055794,6,1,1,1
1,1,0,1,0,-0.18077450179882365,0.13432758366758332,0.5741110801222516,6,1,0,1
0,0,0,0,0,-0.2803802586657722,-0.5544867436156191,-0.6277159696583761,6,1,0,1
1,1,3,0,0,3.014309505069758,-0.5544867436156191,2.6683839589479,6,1,0,1
1,0,0,0,0,-0.25203848903093323,0.0064146946884781975,-0.21124124943736647,6,1,0,1
1,1,1,0,1,0.8370718261853068,0.762263584110463,0.16953563762184234,2,0,2,0
1,1,0,0,0,0.11083445744980862,0.32414483870342115,0.43131974747504837,6,1,0,0
1,0,0,0,1,2.4184770417061197,-0.5544867436156191,6.000181720715977,7,1,2,1
1,0,0,0,0,-0.5552790415979099,0.10525647253596852,-0.8538022463497813,6,1,2,1
1,0,0,0,0,-0.4399460599624957,-0.5544867436156191,-0.9013993572321825,6,1,1,1
1,1,0,0,1,-0.31855154378090217,-0.5544867436156191,-1.4368668546591947,1,1,1,1
1,0,0,0,0,-0.08329847328593815,-0.5544867436156191,-0.5206224701729736,6,1,1,1
1,1,3,0,0,-0.22992207920027855,2.0961145654433775,1.716441741299878,6,1,1,0
0,1,0,0,0,-0.13441195378345122,-0.5544867436156191,-0.7348094691437785,6,1,0,0
1,1,2,0,1,-0.34197855567559565,0.6425590088626374,-0.6872123582613775,6,1,2,1
1,0,0,0,0,1.571991933595062,-0.5544867436156191,1.145276410711065,6,0,1,0
1,1,2,1,0,-0.19715702759930862,-0.06540805046021719,-0.19934197171676618,6,1,0,0
1,1,2,0,0,-0.05921616035922526,0.1579264856450118,0.4670175806368492,6,1,0,0
1,0,0,0,0,0.0022183113925933404,-0.5544867436156191,0.26472985938664456,6,1,2,1
1,0,0,0,1,0.25336243191402774,-0.5544867436156191,0.34802480343084646,2,1,1,1
1,1,0,0,0,-0.4432225651225927,0.14116784511031621,-0.2826369157609681,6,1,1,1
1,1,2,0,0,1.0408704471433399,-0.5544867436156191,0.49081613607804975,2,1,2,1
0,1,0,0,0,-0.5035102600683774,0.979783897989369,-0.5444210256141742,6,1,1,1
0,1,2,0,0,1.550203174280417,-0.5544867436156191,-0.9013993572321825,6,1,2,1
1,1,1,0,0,-0.6332598644082182,-0.06711811582090042,-1.3773704660561934,6,1,2,1
0,0,0,0,0,0.753029468828819,0.015307034564030961,0.9429886894608602,6,1,0,0
1,1,0,0,0,-0.08903235731610788,-0.270615893742204,-0.2469390825991673,6,1,1,1
1,0,0,0,0,0.143108033276764,-0.5544867436156191,-0.3302340266433692,6,0,0,0
1,1,0,0,1,-0.4630454213411795,0.7280622768967986,0.07434141585704014,6,1,0,1
1,0,0,0,0,0.6163992036527745,-0.5544867436156191,1.1690749661522655,6,1,2,0
1,1,2,1,0,-0.511537697710615,-0.5544867436156191,-0.3897304152463706,6,1,0,0
1,0,0,0,0,-0.35213572167189633,-0.5544867436156191,-1.1393849116441879,6,1,2,1
1,1,3,0,0,5.667623383716302,-0.5544867436156191,5.405217834685963,2,0,1,1
1,1,1,0,0,0.09772843680942066,-0.5544867436156191,0.16953563762184234,6,1,0,1
1,1,1,0,0,0.6773421996305785,-0.5544867436156191,0.49081613607804975,6,1,2,1
1,0,0,0,0,-0.39702384236522514,0.1579264856450118,-0.3064354712021687,6,1,0,1
1,1,0,0,0,-0.13441195378345122,1.3693367871530076,1.2999670210788685,6,1,1,1
1,1,0,1,0,-0.5800166555566422,-0.198451135521372,-0.5682195810553747,6,1,1,1
1,1,0,0,0,0.4144026605327949,-0.5544867436156191,1.537952575490874,6,1,2,0
1,1,1,0,0,-0.37916688924269654,-0.1167100112807139,-0.2945361934815684,6,0,1,0
1,1,2,0,0,-0.20256326111346865,-0.05959382823389423,0.1457370821806418,6,1,0,1
1,1,0,0,0,0.6421197691595358,-0.5544867436156191,-0.841902968629181,2,1,2,1
1,1,0,0,0,-0.27792287979569946,0.5283266427689981,0.43131974747504837,6,1,0,1
0,1,0,0,0,-0.13441195378345122,-0.5544867436156191,-0.4016296929669709,6,1,0,0
1,1,0,0,0,-0.48565330694584874,0.5854428258158177,-0.19934197171676618,6,1,0,1
1,0,0,0,0,-0.5187460090628284,-0.5544867436156191,-0.9846943012763844,7,0,1,0
1,1,2,0,0,0.42537895281911986,-0.5544867436156191,0.6455067464458534,6,1,1,1
1,1,0,1,0,-0.5870611416508507,0.05053438099410537,-0.6039174142171756,6,1,0,1
1,1,3,0,0,7.594863718885352,-0.5544867436156191,6.59514560674599,4,1,2,1
1,1,3,1,0,-0.30823055252659665,-0.5544867436156191,-0.7705073023055794,2,1,0,0
1,1,0,0,0,0.04989146147200457,1.3693367871530076,0.49081613607804975,6,1,1,1
1,1,0,1,1,-0.17356619044661029,-0.30276512252304866,-0.6991116359819778,6,1,1,0
1,1,0,0,0,-0.31232618397671785,0.11722693006075109,-0.3540325820845698,6,1,0,1
1,1,2,0,0,-0.5502004585997595,-0.0007675798263913415,-0.5325217478935739,6,1,0,1
1,1,3,0,0,0.01843701193507345,3.3102609715284665,4.155793674022934,6,0,1,0
1,1,1,0,0,-0.2708783937014909,-0.5544867436156191,-0.3540325820845698,6,1,1,1
1,0,0,1,0,-0.5030187842943628,-0.058225775945347655,-0.5206224701729736,7,0,2,0
1,1,1,0,0,0.1632585400113605,1.9251080293750553,0.40752119203384785,6,0,2,0
1,0,0,0,0,-0.5713339168823851,1.1771254406122131,-0.9370971903939832,6,1,0,0
1,1,0,0,0,-0.13162692439736878,-0.5544867436156191,-0.8657015240703816,2,1,1,1
1,1,1,0,0,4.659606571212462,-0.5544867436156191,1.3594634096818698,6,1,1,0
0,1,0,0,0,-0.2913565509520971,-0.5544867436156191,-0.44922680384937197,6,1,1,1
1,1,0,0,1,5.52804426389617,1.0700753490334434,-0.3064354712021687,6,1,1,1
1,1,1,0,1,-0.5284116992851144,-0.5544867436156191,-0.9489964681145835,4,0,0,0
1,1,0,0,0,-0.49482752139412034,0.17673720461252726,-1.0441906898793858,6,1,0,1
1,1,0,0,1,-0.7748048873244083,1.2568144864200512,0.26472985938664456,6,1,0,1
1,1,0,0,0,0.6429388954495601,-0.5544867436156191,0.50271541379865,2,1,0,1
1,0,0,1,0,-0.08493672586598665,-0.5544867436156191,-1.1631834670853884,6,1,0,1
1,0,0,0,0,1.0806799848385182,-0.5544867436156191,0.21713274850424344,6,1,1,0
1,1,0,1,0,0.10313467032358069,-0.5544867436156191,0.16953563762184234,6,1,2,0
1,0,0,0,0,-0.25318526583696715,-0.5544867436156191,-0.8300036909085807,6,1,1,1
1,0,0,0,0,-0.19863145492135226,-0.5544867436156191,-0.3064354712021687,6,1,0,1
1,1,1,0,0,-0.3732691799545219,0.32893302171333416,0.2885284148278451,6,1,1,0
1,0,0,0,0,0.47993276373473476,0.7280622768967986,0.49081613607804975,6,1,0,1
0,0,0,1,0,-0.5728083442044287,0.25437417198754564,-0.3064354712021687,6,1,2,1
0,1,0,0,0,-0.3255960298751107,0.4086220675211724,-0.3897304152463706,6,1,1,1
1,0,0,0,1,0.9168547268336686,-0.5544867436156191,-0.7467087468643788,6,1,2,0
1,1,1,1,0,-0.45927744040706797,0.30054593672599267,-0.6634138028201769,6,1,1,1
1,0,2,0,0,-0.07871136606180236,-0.5544867436156191,0.240931303945444,6,0,1,1
1,1,3,1,0,-0.23123268126431734,-0.5544867436156191,-0.21124124943736647,2,1,2,0
1,1,1,1,0,-0.3118347082027033,-0.18408658649163293,-0.12794630539316454,6,1,2,1
1,1,2,1,0,-0.24351957561468104,-0.5544867436156191,-0.2588383603197676,6,1,1,1
0,0,0,1,0,-0.1630813739342999,-0.5544867436156191,-0.3064354712021687,6,1,1,1
0,0,0,0,0,-0.35377397425194484,-0.5544867436156191,-0.7824065800261797,6,1,2,1
1,0,0,1,0,-0.23401771065039978,0.3111483419622286,-1.0798885230411865,6,1,0,1
1,0,0,0,0,-0.4791002966256548,-0.5544867436156191,-1.0322914121587854,6,1,2,1
1,0,0,0,0,-0.325268379359101,-0.5544867436156191,-0.22314052715796673,6,1,1,0
0,0,0,0,0,0.753029468828819,-0.5544867436156191,0.8120966345342572,6,1,1,0
1,1,3,0,0,-0.3233024762630428,-0.12697040344481325,-0.21124124943736647,6,0,1,0
1,1,1,0,1,0.3904841728640869,-0.5544867436156191,1.1214778552698643,6,1,2,1
1,1,3,1,1,0.04907233518198032,-0.5544867436156191,-0.18744269399616592,6,1,0,1
1,1,0,0,0,-0.36540556757028914,0.4787347473091846,-0.10414774995196399,6,1,2,1
1,1,3,1,0,-0.254495867901006,-0.2182878937052974,-0.5444210256141742,6,1,1,1
1,1,0,0,0,-0.8606493225189494,0.061136786230341356,-0.12794630539316454,6,1,0,0
1,1,0,0,0,-0.2746463746356025,0.05258645942692523,-0.17554341627556563,6,1,1,1
1,1,2,0,0,-0.06609682119542894,-0.5544867436156191,-0.8776008017909819,6,0,1,0
0,1,2,0,0,-0.1835595311849061,0.26053040728600524,-0.22314052715796673,6,1,1,1
1,1,0,0,0,-0.521367213190906,-0.5544867436156191,-1.0203921344381852,6,0,2,0
1,1,2,0,0,-0.22844765187823488,0.03274970124299984,-0.3540325820845698,6,1,1,1
1,0,0,0,0,-0.39849826968726876,0.4000717407177563,-0.020852805907762065,6,1,1,1
1,1,0,0,0,0.35624469394107333,-0.209053540757608,0.34802480343084646,6,1,1,1
1,1,0,0,0,0.13868475131063304,-0.5544867436156191,-0.21124124943736647,6,1,1,1
1,1,0,0,0,-0.3527910227039157,-0.5544867436156191,0.2885284148278451,6,1,0,0
1,1,0,1,1,-0.10951051456671408,-0.5544867436156191,-0.09224847223136372,6,1,2,0
1,1,2,0,0,0.13868475131063304,0.025225413655993657,0.7644995236518561,6,1,1,1
1,1,0,0,0,-0.10574253363260254,-0.5544867436156191,0.1457370821806418,7,1,1,1
1,0,0,0,1,0.1632585400113605,-0.5544867436156191,0.6455067464458534,6,1,0,1
1,1,1,0,0,-0.4771343935295966,0.1480081065530491,-0.49682391473177306,6,1,1,1
1,1,0,0,0,-0.2764484524736558,-0.5544867436156191,-1.2345791334089902,2,1,0,1
1,0,0,1,0,-0.36278436344221154,0.33406321779538384,-0.3064354712021687,6,1,0,1
0,0,0,0,0,0.47993276373473476,-0.5544867436156191,1.5974489640938754,6,1,1,1
1,1,1,0,0,-0.3683544222143764,0.05395451171547182,-0.06844991679016317,6,1,1,1
1,1,1,0,0,0.015815807806995857,-0.1235502727234468,0.2885284148278451,6,1,0,1
1,1,0,0,0,0.056116821276188854,-0.5544867436156191,1.2999670210788685,6,1,2,0
0,0,0,0,1,-0.3178962427488828,-0.5544867436156191,-0.2826369157609681,6,1,2,1
0,0,1,0,0,-0.26072122770519024,-0.5544867436156191,-0.4016296929669709,6,1,0,1
1,1,1,0,0,-0.3421423809336005,-0.5544867436156191,-0.5920181364965753,6,1,1,1
1,1,2,0,0,0.06807606511054287,1.1555786170676046,-0.3064354712021687,6,1,0,1
1,1,1,1,0,-0.47402171362750445,0.12372517843134734,-0.06844991679016317,2,1,2,0
1,0,0,0,0,-0.3994812212352979,1.3953297806353924,0.11003924901884096,8,1,2,1
1,1,2,0,1,0.13868475131063304,-0.109869749837981,-0.44922680384937197,6,1,0,1
1,1,0,1,0,-0.3272342824551592,0.9561849960119406,-0.2707376380403678,6,1,1,1
1,0,0,0,1,0.10591969970966313,0.9274558979524624,-0.3064354712021687,2,1,2,0
1,1,2,0,0,0.7043733672013787,-0.5544867436156191,-0.4016296929669709,6,1,2,1
1,1,1,1,0,0.1973341936763692,-0.5544867436156191,-0.10414774995196399,2,1,2,1
1,1,1,0,0,-0.4130787176497004,0.07584334833221708,-0.2707376380403678,7,1,1,1
1,1,0,0,0,-0.588863219488904,0.0843936751356332,-0.6634138028201769,6,1,2,1
1,1,0,1,0,-0.6119625808675878,0.7759441069959289,0.6574060241664537,6,0,1,0
0,0,2,0,0,-0.32379395203705735,-0.5544867436156191,-0.09224847223136372,6,1,2,0
1,0,0,1,1,-0.4620624697931504,0.18665558370448998,-0.49682391473177306,6,1,0,1
1,1,1,1,0,-0.44928409966877214,1.8741480816266953,1.585549686373275,2,1,1,1
1,0,0,0,1,1.7769373313591288,-0.5544867436156191,0.5503125246810512,6,0,2,0
0,0,3,0,0,-0.3801498407907256,-0.5544867436156191,1.2999670210788685,6,1,0,1
1,0,0,1,0,0.10510057341963888,-0.5544867436156191,-0.36593185980517007,6,0,0,0
1,1,3,0,0,-0.025140506694216542,-0.5544867436156191,-0.6158166919377758,6,1,2,0
1,1,0,0,0,1.5202231520655296,0.16374070787133477,1.8830316293882818,6,1,0,0
1,1,3,1,0,-0.07740076399776356,-0.5544867436156191,-0.21124124943736647,6,1,1,0
1,1,1,0,0,0.11132593322382317,0.899068812965121,2.192412850123889,6,1,2,1
1,0,0,0,0,-0.5477430797296867,0.20102013273422906,-0.13984558311376483,6,1,1,1
0,0,1,0,0,-0.31494738810479544,-0.5544867436156191,0.11003924901884096,5,1,1,0
0,0,0,0,0,0.29431874641524014,-0.5544867436156191,-0.3064354712021687,6,1,0,1
1,0,0,0,1,-0.03890182836662391,-0.5544867436156191,-0.21124124943736647,6,1,1,1
1,0,0,0,0,-0.2143586796898178,0.6244323160393952,0.06244213813643986,6,1,0,1
1,1,2,0,0,-0.11393379653284502,-0.08011461256209292,0.05054286041583959,6,1,1,1
1,1,3,0,0,-0.17536826828466362,0.06489893002384445,0.16953563762184234,6,0,2,1
0,0,0,0,0,-0.325268379359101,-0.5544867436156191,-0.12794630539316454,6,1,0,0
0,0,1,0,0,-0.41406166919772946,-0.02094635108245338,-0.6634138028201769,6,1,2,1
0,0,0,0,0,-0.35492075105797877,-0.5544867436156191,-1.3773704660561934,6,1,2,1
1,1,0,0,0,0.9407732145023766,-0.5544867436156191,-0.11604702767256427,6,1,2,1
1,0,0,0,0,-0.421106155291938,0.08063153134213011,-0.23503980487856702,6,1,0,1
1,1,0,0,0,-0.456000935246971,0.20580831574414207,0.05054286041583959,6,1,1,1
1,1,2,0,0,-0.24630460500076348,-0.5544867436156191,-0.6634138028201769,6,1,1,1
1,1,1,0,0,-0.4347036517063405,0.07550133526008043,-0.36593185980517007,6,1,1,1
1,1,0,0,0,-0.23106885600631247,0.5652640545597557,0.7288016904900553,6,1,1,1
1,1,0,0,0,-0.37687333563062864,-0.109869749837981,-0.7824065800261797,6,1,2,1
1,1,0,0,0,1.5038406262650446,-0.5544867436156191,3.4537362885075185,6,1,1,1
0,1,0,1,0,-0.21353955339979358,-0.5544867436156191,-0.2588383603197676,6,1,0,1
1,0,1,1,1,-0.2212393405260215,0.27523696938788095,0.1457370821806418,6,0,2,0
1,1,0,0,0,-0.24188132303463256,-0.28087628590630337,-0.4016296929669709,6,1,1,1
1,1,2,0,0,-0.5082611925505179,-0.2176038675610241,-0.8062051354673803,2,1,2,1
0,0,0,0,0,-0.5885355689728943,0.015307034564030961,-1.0917878007617867,6,1,2,1
1,1,0,0,0,2.5005534959665496,-0.5544867436156191,-0.21124124943736647,6,1,0,0
1,0,0,0,0,-0.3678629464403619,0.4896791656175572,-0.6753130805407772,6,1,0,1
0,0,0,0,1,-0.45927744040706797,0.03274970124299984,-0.5563203033347744,4,1,1,0
1,1,0,0,0,-0.278414355569714,0.1295394006576703,-0.3064354712021687,6,1,0,1
0,0,0,0,0,-0.2096077472076772,-0.5544867436156191,-0.36593185980517007,6,1,1,1
1,0,0,0,0,0.672427441890433,-0.5544867436156191,0.49081613607804975,6,1,0,1
1,1,0,0,0,-0.3814604428547644,0.2718168386665145,-0.08034919451076344,6,1,0,1
1,1,2,0,0,-0.16439197599833869,-0.5544867436156191,-0.22314052715796673,6,0,1,0
1,1,2,0,0,-0.3686820727303861,-0.02094635108245338,-0.13984558311376483,6,1,2,1
0,0,0,0,0,0.0022183113925933404,-0.5544867436156191,-0.03275208362836234,7,0,2,0
1,1,0,0,0,-0.49482752139412034,0.5857848388879544,0.31232697026904566,6,1,1,1
1,1,3,0,0,-0.1617707718702611,-0.12697040344481325,-0.4254282484081714,6,1,2,1
1,1,1,0,0,0.24107553756366404,-0.5544867436156191,0.6455067464458534,6,1,1,1
0,1,1,0,0,-0.12081445736904871,-0.5544867436156191,-0.12794630539316454,6,1,2,1
0,0,0,0,0,-0.06609682119542894,0.3145684726835951,0.06244213813643986,7,1,0,0
1,1,1,0,0,-0.5552790415979099,0.4459014923840667,-0.3897304152463706,6,1,2,0
1,1,0,1,0,-0.5903376468109477,0.4489796100332965,-0.6277159696583761,6,0,2,0
1,1,0,1,0,-0.4142254944557343,0.04403613262350912,-0.4849246370111728,6,1,1,1
0,0,0,0,0,-0.06609682119542894,-0.5544867436156191,-0.16364413855496537,6,1,0,1
1,1,1,0,0,-0.6190070669617963,0.06216282544675129,-0.5920181364965753,6,1,2,1
1,0,0,0,0,-0.22992207920027855,0.30054593672599267,-0.06844991679016317,6,1,0,1
1,0,0,1,0,-0.5575725952099777,-0.5544867436156191,-0.21124124943736647,6,1,2,0
0,0,0,0,0,-0.26891249060543276,0.015307034564030961,-0.12794630539316454,6,1,0,1
0,0,0,0,0,-0.4920424920080379,0.08268360977494997,-0.49682391473177306,6,0,2,0
1,0,0,0,0,2.429453333992445,-0.5544867436156191,3.9773045082139302,6,1,0,0
1,1,2,1,0,0.3708251419035049,-0.5544867436156191,0.4670175806368492,6,1,0,1
0,0,0,0,0,-0.40734483361953067,-0.5544867436156191,-0.7348094691437785,6,1,1,1
1,0,0,1,0,-0.40570658103948215,0.2680546948730114,-0.41352897068757116,6,1,1,1
0,0,0,0,0,-0.474513189401519,-0.5544867436156191,-1.0679892453205864,6,1,0,1
1,1,2,0,1,0.056116821276188854,-0.5544867436156191,-0.020852805907762065,9,1,0,1
1,1,0,0,0,-0.48008324817368386,0.07584334833221708,0.15763635990124206,6,1,0,0
1,1,1,1,0,-0.32838105926119315,0.0064146946884781975,-0.41352897068757116,2,1,2,1
1,1,2,0,0,-0.27628462721565095,-0.5544867436156191,-0.3064354712021687,6,1,1,1
1,1,0,0,0,-0.5480707302456964,0.1753691523239807,-0.6872123582613775,6,1,2,1
0,0,1,0,0,-0.3051178726245045,-0.5544867436156191,-0.4016296929669709,6,1,1,1
1,1,1,0,1,0.753029468828819,-0.5544867436156191,0.11003924901884096,6,1,0,0
1,1,0,0,0,-0.4920424920080379,0.18665558370448998,-0.36593185980517007,6,1,1,1
1,1,3,0,0,-0.17389384096261998,-0.4898462729817933,-0.2588383603197676,6,1,1,1
1,1,2,1,0,-0.29528835714421353,-0.01068595891835404,-0.21124124943736647,6,1,0,1
0,0,0,0,0,-0.3665523443763231,0.4664222767122654,-0.16364413855496537,6,1,0,1
1,1,3,0,0,1.5721557588530668,-0.5544867436156191,1.835434518505881,6,1,0,1
1,1,1,0,1,0.5344865746503497,1.1497643948412815,2.7397796252715017,6,0,0,0
1,0,0,0,0,-0.07969431760983145,-0.5544867436156191,-0.18744269399616592,6,0,0,1
1,1,0,0,1,0.06791223985253803,0.18426149219953344,0.45511830291624894,6,1,1,1
0,1,0,0,0,-0.17536826828466362,0.28378729619129706,-0.4254282484081714,6,1,2,0
0,0,0,0,0,-0.4756599662075529,-0.5544867436156191,-0.9370971903939832,6,1,2,1
1,0,1,0,0,-0.16701318012641628,0.05874269472538484,-0.3421333043639695,6,1,2,1
1,0,0,0,0,-0.4043959789754433,-0.5544867436156191,-0.5682195810553747,6,1,1,1
1,0,0,0,0,-0.421106155291938,-0.5544867436156191,-0.8895000795115822,6,1,2,1
1,1,0,0,0,9.490977255033481,-0.5544867436156191,4.096297285419933,2,1,2,1
1,1,1,0,1,0.7256706507420091,0.07242321761085063,0.43131974747504837,2,1,2,1
1,1,0,0,1,0.016307283581010405,0.9811519502779157,-0.9013993572321825,6,1,1,1
1,1,1,0,0,-0.025140506694216542,-0.3191817499856076,0.16953563762184234,6,1,0,1
1,1,2,0,1,-0.4756599662075529,1.0187733882129466,0.35992408115144675,6,1,0,1
0,0,3,1,0,-0.5854228890708022,-0.5544867436156191,-0.21124124943736647,6,0,2,0
0,0,0,0,0,-0.2037100379195026,-0.5544867436156191,-0.8895000795115822,6,1,1,1
1,1,3,1,0,-0.45157765328084004,-0.011711998134763972,0.3242262479896459,6,1,0,0
0,0,0,0,0,-0.49564664768414457,-0.5544867436156191,-1.186982022526589,6,1,0,0
1,1,1,1,0,-0.13916288626559187,-0.13415267795968278,0.1457370821806418,6,1,2,1
1,1,3,1,0,-0.36540556757028914,-0.5544867436156191,-0.8538022463497813,6,1,1,1
1,1,2,0,0,-0.4620624697931504,0.24240371446276307,-0.2469390825991673,6,1,0,1
1,1,0,0,0,-0.47582379146555775,0.28618138769625356,0.16953563762184234,6,1,1,1
1,1,0,1,0,-0.3080667272685918,0.5502154793857433,0.07434141585704014,6,0,0,0
1,1,2,1,0,-0.3801498407907256,0.1869975967766266,-0.23503980487856702,6,1,2,1
1,1,0,0,0,0.15228224772503557,1.0129591659866237,1.3475641319612697,6,1,1,1
1,1,0,0,0,-0.4551818089569467,1.5830949572384105,0.49081613607804975,6,1,0,1
1,1,0,0,0,0.6028017072383719,-0.5544867436156191,0.9786865226226611,6,1,1,1
1,0,0,0,0,0.5482478963227571,0.8706817279777794,1.930628740270683,6,1,0,0
1,1,3,0,0,-0.4484649733787479,0.1579264856450118,-0.6039174142171756,6,1,0,1
0,1,0,0,1,0.015815807806995857,-0.5544867436156191,-0.4849246370111728,6,0,0,0
0,1,0,0,0,-0.48827451107392633,-0.3817701421866136,-0.18744269399616592,6,1,1,1
0,0,0,0,0,-0.2605574024471854,-0.5544867436156191,-0.3540325820845698,2,1,2,1
1,1,2,0,0,0.47993276373473476,0.5286686558411346,0.2290320262248437,6,1,0,1
1,1,1,0,0,-0.2504002364508847,-0.5544867436156191,-0.9370971903939832,6,1,2,0
1,1,0,1,0,-0.3937473372051281,0.015307034564030961,-0.5444210256141742,7,0,2,0
1,1,3,0,0,-0.03873800310861906,0.5286686558411346,0.6455067464458534,6,1,1,1
0,0,1,0,0,-0.11147641766277228,-0.5544867436156191,-0.7705073023055794,6,1,1,0
1,1,2,0,0,-0.06609682119542894,0.699675191909457,1.0738807443874632,6,1,1,1
1,1,0,0,0,-0.10705313569664134,0.243429753679173,-0.18744269399616592,6,1,2,1
1,1,0,0,0,-0.39161760885106506,0.4828389041748243,-0.6039174142171756,4,1,2,1
1,0,0,0,1,0.23239279888940703,-0.5544867436156191,-0.05655063906956289,6,1,0,1
1,0,0,1,0,0.13311469253846817,-0.5544867436156191,-0.1517448608343651,6,1,0,0
1,0,0,0,0,-0.4756599662075529,-0.5544867436156191,-0.5920181364965753,7,1,1,0
1,0,0,0,0,-0.04578248920282759,-0.5544867436156191,-0.2588383603197676,6,0,0,0
1,1,1,0,0,0.15097164566099677,-0.5544867436156191,0.34802480343084646,6,1,1,1
1,1,0,0,0,2.3470492292160055,1.246554094255952,5.048239503067955,6,1,0,0
0,0,0,0,1,1.6964991296787477,-0.5544867436156191,-1.0798885230411865,6,1,1,1
1,1,2,0,0,-0.03578914846453177,-0.5544867436156191,0.11003924901884096,6,1,1,1
1,1,2,0,1,0.6421197691595358,2.138182173316185,2.787376736153903,4,1,0,1
1,0,1,0,0,-0.38359017120882744,0.12509323071989392,-0.41352897068757116,2,0,2,0
0,0,0,0,0,-0.4324100980942726,-0.0554896713682545,-0.4254282484081714,6,1,2,1
1,1,0,0,0,-0.09607684341031641,-0.23880867803349606,-0.3064354712021687,2,1,2,1
1,1,3,0,0,0.5482478963227571,1.154210564779058,-0.18744269399616592,6,1,0,1
1,1,0,0,0,-0.17913624921877516,-0.5544867436156191,-0.18744269399616592,6,1,1,1
1,0,0,0,0,-0.3824433944027935,-0.5544867436156191,-0.8895000795115822,7,1,2,0
1,1,2,0,0,-0.002041145315532749,-0.5544867436156191,-0.18744269399616592,6,1,2,1
1,1,0,0,0,-0.3391935262895132,0.30054593672599267,-0.21124124943736647,6,1,1,1
1,0,0,0,0,0.08806274658713453,0.8929125776666613,1.7878374076234798,6,1,1,1
0,0,0,0,0,0.09772843680942066,-0.5544867436156191,0.12193852673944124,6,1,2,1
1,0,0,0,1,0.2889125129010801,-0.5544867436156191,-0.21124124943736647,6,1,2,1
1,1,2,0,0,-0.13719698316953366,-0.5544867436156191,-0.5444210256141742,6,1,2,0
1,0,1,0,0,-0.28447589011589347,-0.5544867436156191,-0.3897304152463706,2,1,2,1
1,0,0,1,0,-0.5008890559402998,-0.007265828196987591,-0.16364413855496537,6,1,1,1
1,1,0,1,0,-0.39210908462507965,0.5180662506048987,-0.21124124943736647,6,0,2,0
1,1,0,0,0,-0.5030187842943628,0.2721588517386512,-0.11604702767256427,6,1,2,1
1,1,0,0,0,0.01384990471093766,-0.5544867436156191,-0.2469390825991673,6,1,0,1
1,0,3,0,0,0.6165630289107793,-0.5544867436156191,0.4670175806368492,6,1,0,1
1,1,3,0,0,0.6717721408584136,-0.5544867436156191,1.537952575490874,6,1,0,1
1,1,0,0,0,-0.4620624697931504,0.16887090395338444,-0.3064354712021687,6,1,2,1
1,1,2,1,0,-0.5587193720160116,0.0012844986064285268,-0.3897304152463706,2,1,1,1
1,1,2,0,0,-0.3773648114046432,-0.07566844262431653,-0.3897304152463706,6,1,2,1
1,1,2,0,0,-0.34853156599578966,-0.3889524167014831,-0.12794630539316454,6,1,1,1
0,0,0,0,0,-0.3642587907642552,-0.5544867436156191,-0.8895000795115822,6,0,2,0
1,1,0,0,0,-0.3883411036909681,-0.0554896713682545,-0.6039174142171756,6,1,2,1
1,0,0,1,0,-0.2459769544847538,0.015307034564030961,-0.4373275261287717,6,1,0,1
0,0,0,0,0,-0.6394852242124025,0.061136786230341356,-0.5087231924523733,6,0,1,0
1,1,2,1,0,-0.4119319408436664,-0.5544867436156191,-1.1988813002471892,2,0,2,0
1,0,0,1,0,-0.4338845254163163,-0.5544867436156191,-0.9608957458351838,4,1,0,0
1,0,0,0,0,-0.4756599662075529,6.285774699117275,-0.5087231924523733,6,1,1,1
0,0,0,1,0,-0.5636341297561571,-0.5544867436156191,-1.1036870784823871,6,1,1,1
0,0,0,0,1,0.3338006335944089,-0.5544867436156191,0.5741110801222516,6,1,0,0
0,0,0,0,0,-0.14030966307162582,-0.5544867436156191,-0.36593185980517007,6,1,1,1
1,1,0,1,0,-0.5302137771231679,0.2663446295123282,-0.36593185980517007,6,1,2,1
0,0,0,1,0,-0.5226778152549447,-0.5544867436156191,-0.9489964681145835,6,1,0,1
1,1,1,0,0,0.4745265302205747,-0.5544867436156191,0.07434141585704014,4,0,1,0
1,1,3,0,0,12.38462278717314,-0.5544867436156191,2.5493911817418975,6,0,0,0
0,0,1,1,1,-0.25171083851492354,-0.5544867436156191,-0.9965935789969846,6,1,1,0
1,1,0,0,0,0.13966770285866215,-0.5544867436156191,0.16953563762184234,6,1,2,1
1,1,0,1,0,0.11345566157788621,-0.5544867436156191,0.8596937454166583,6,0,0,0
1,1,0,1,0,-0.5161248049347508,0.14082583203817958,-0.4254282484081714,6,1,0,1
0,1,0,1,0,-0.5331626317672551,0.5526095708906998,0.38372263659264727,6,0,1,0
0,0,0,0,0,-0.3945664634951524,-0.5544867436156191,-1.0203921344381852,6,1,2,1
0,0,1,0,0,-0.45927744040706797,-0.5544867436156191,0.16953563762184234,6,1,2,0
1,1,2,0,1,-0.6231026984119176,6.285774699117275,1.1095785775492641,6,1,2,0
1,1,0,0,0,-0.717302221764706,0.39391550541929665,-0.4016296929669709,6,1,0,1
1,1,0,0,0,-0.35344632373593515,-0.06985422039799358,-0.09224847223136372,6,1,1,1
1,1,0,0,0,0.06971431769059137,-0.5544867436156191,-0.09224847223136372,6,1,0,1
0,0,0,1,0,-0.439618409446486,-0.5544867436156191,-0.7824065800261797,6,0,2,0
1,1,0,0,0,-0.5870611416508507,0.033433727387273134,-0.5444210256141742,6,1,2,1
1,1,1,0,0,0.30251000931548266,0.015649047636167604,-0.4254282484081714,6,0,2,0
1,1,0,0,0,1.5524967278924848,-0.5544867436156191,-0.5920181364965753,6,1,1,1
1,1,0,0,0,-0.4484649733787479,0.9161694665719532,-0.2945361934815684,6,1,0,1
0,0,1,1,0,-0.13064397284933968,-0.5544867436156191,-0.7705073023055794,6,1,0,0
1,1,2,0,0,0.08707979503910543,-0.5544867436156191,-0.1517448608343651,6,1,1,1
1,1,0,0,0,-0.4068533578455161,-0.5490145344614329,-0.6991116359819778,6,1,0,1
1,0,0,1,0,-0.44010988522050054,-0.5544867436156191,-1.0203921344381852,2,1,2,1
0,0,1,0,1,0.527605913814146,-0.5544867436156191,0.05054286041583959,6,1,1,1
1,0,0,0,0,0.17964106581184544,-0.5544867436156191,-0.4849246370111728,6,0,0,0
1,0,0,0,0,1.2241909108507665,-0.5544867436156191,3.0848586791689097,6,1,1,1
1,1,0,0,0,-0.48794686055791664,0.2458238451841295,-0.03275208362836234,6,1,1,1
1,0,0,0,0,-0.2708783937014909,-0.5544867436156191,-0.5444210256141742,6,1,2,1
0,1,0,0,0,0.7607292559550469,-0.5544867436156191,-0.21124124943736647,3,1,1,1
1,0,0,0,0,-0.5696956643023365,0.07857945290931023,-1.1393849116441879,6,1,1,1
1,1,0,0,0,-0.5226778152549447,-0.16972203746189385,-0.21124124943736647,6,1,2,1
1,0,0,0,1,0.8211807761588364,-0.5544867436156191,0.49081613607804975,6,0,2,0
0,1,0,1,1,0.2848168814509589,-0.5544867436156191,-0.09224847223136372,6,1,0,1
1,0,0,0,0,-0.2856226669219274,1.1774674536843497,0.49081613607804975,6,1,1,1
1,1,0,0,0,0.4091602522766397,0.07242321761085063,0.40752119203384785,6,1,0,1
1,0,3,1,0,-0.11409762179084987,0.1271453091527138,0.026744304974639036,6,1,1,1
1,0,1,0,0,5.294101795465245,-0.5544867436156191,0.07434141585704014,6,1,1,1
1,1,0,0,0,0.31610750572988516,2.2955081864990414,0.34802480343084646,4,1,0,1
1,1,1,0,1,-0.3174047669748682,-0.14065092633027904,-0.18744269399616592,6,1,0,1
1,1,2,1,0,-0.1231080109811166,-0.5544867436156191,-0.4254282484081714,6,1,0,1
1,1,0,0,0,-0.3054455231405142,-0.08387675635559601,-1.0798885230411865,6,1,0,0
1,1,2,0,0,-0.3380467494834793,0.03035560973804333,0.05054286041583959,6,0,0,0
1,0,1,1,1,-0.4315909718042484,-0.027102586380912987,0.5265139692398506,6,1,1,0
1,1,2,1,0,-0.5069505904864792,-0.12526033808413004,-0.2469390825991673,6,0,0,0
1,1,2,1,0,-0.5644532560461814,-0.05651571058466443,-1.0203921344381852,4,1,2,1
1,1,0,0,0,-0.2384409926165307,0.03822191039718616,0.03864358269523931,6,0,0,0
1,1,0,0,0,-0.47844499559363535,0.28891749227334673,-0.6634138028201769,2,0,0,1
1,0,0,0,1,0.27547884174468246,-0.5544867436156191,-0.7348094691437785,6,1,1,1
1,1,2,0,0,-0.2530214405789623,-0.5544867436156191,-0.5920181364965753,6,1,1,1
1,1,0,0,0,-0.1806106765408188,-0.5544867436156191,-0.3302340266433692,6,1,2,1
1,1,0,0,0,-0.2777590545376946,0.32414483870342115,0.3242262479896459,6,1,2,0
1,0,2,0,0,-0.17192793786656177,-0.5544867436156191,-0.11604702767256427,6,1,0,1
1,1,0,0,0,0.4800965889927396,-0.5544867436156191,0.16953563762184234,6,1,1,0
1,1,0,0,1,-0.5439750987955752,0.8419526299183012,0.16953563762184234,6,1,1,1
1,1,3,0,0,0.38278438573785895,-0.5544867436156191,-0.21124124943736647,2,1,2,1
1,1,0,0,0,-0.39128995833505537,0.1938378582193595,0.08624069357764041,6,1,0,1
0,0,1,1,0,-0.03480619691650267,-0.5544867436156191,-0.16364413855496537,6,1,1,1
1,0,0,0,0,-0.2027270863714735,-0.5544867436156191,-0.5682195810553747,6,0,1,0
1,0,0,0,0,0.09772843680942066,-0.5544867436156191,-0.06844991679016317,6,1,0,1
1,1,3,1,0,-0.4024300758793852,0.014623008419757671,-0.9013993572321825,2,0,2,0
1,1,0,0,0,1.8493480953972723,-0.5544867436156191,-0.4254282484081714,6,1,1,1
0,1,2,1,0,-0.8508198070386584,0.4431653878069735,-0.5682195810553747,6,1,1,1
1,1,0,0,0,-0.17536826828466362,0.28378729619129706,-0.4254282484081714,6,1,2,0
1,1,1,0,1,-0.3200259711029458,0.15655843335646524,0.1933341930630429,6,1,1,1
1,1,1,1,0,-0.4505947017328109,-0.04146713541065206,-0.3897304152463706,2,0,0,0
1,1,3,0,0,-0.11671882591892746,-0.5544867436156191,-0.5444210256141742,6,1,1,1
0,0,0,0,1,-0.4756599662075529,-0.5544867436156191,-0.6277159696583761,6,1,2,1
1,0,2,0,0,0.021058216063151045,1.0351900156755056,0.1933341930630429,6,1,0,1
1,1,2,0,1,1.8219892773104625,-0.2076854884690614,0.05054286041583959,6,1,0,1
1,1,2,0,0,0.21240611741281537,0.04403613262350912,1.0024850780638617,4,1,1,1
1,1,2,0,0,-0.414553144971744,0.08576172742417977,-0.16364413855496537,6,0,1,0
1,1,1,0,1,1.845252463947151,0.21504266869183147,-0.711010913702578,6,1,1,1
1,1,2,0,0,-0.4024300758793852,-0.006239788980577657,-0.21124124943736647,6,1,2,0
0,0,0,1,0,-0.17258323889858118,-0.5544867436156191,0.09813997129824069,6,1,0,1
1,1,3,1,0,-0.3781839376946674,-0.5544867436156191,-0.3897304152463706,6,1,0,1
1,1,0,0,0,-0.5439750987955752,0.5228544336148118,-0.21124124943736647,6,1,1,1
1,1,0,0,0,0.8894959087468587,-0.5544867436156191,1.0500821889462626,6,1,1,1
1,1,2,0,0,0.47993276373473476,-0.5544867436156191,1.192873521593466,6,1,1,1
1,1,1,1,0,-0.5644532560461814,0.2786571001092474,-0.17554341627556563,6,1,0,1
1,0,2,0,0,-0.3041349210764754,-0.5544867436156191,-0.7824065800261797,6,0,0,0
1,1,1,0,0,2.1181853437832308,-0.5544867436156191,4.215290062625936,6,1,2,0
1,1,2,0,1,-0.13441195378345122,0.1579264856450118,0.16953563762184234,6,1,1,1
1,0,0,0,0,-0.4863086079778681,-0.5544867436156191,-0.841902968629181,6,1,2,0
1,0,0,1,0,-0.4430587398645879,0.3980196622849364,-0.5920181364965753,6,1,1,1
1,1,1,1,0,-0.011543010279814025,-0.16766995902907397,0.47891685835744946,6,1,2,1
1,0,0,1,0,-0.28054408392377705,-0.5544867436156191,-0.4254282484081714,6,1,0,1
0,0,0,1,1,1.9428923177180415,-0.5544867436156191,0.9429886894608602,6,1,1,1
1,1,0,0,0,-0.2959436581762329,0.18323545298312352,-0.3183347489227689,6,0,0,0
0,1,1,0,0,-0.34034030309554714,-0.24222880875486252,-0.4849246370111728,9,1,1,1
1,1,0,1,0,-0.45927744040706797,0.02693547901667688,-0.46112608156997226,6,1,0,1
1,1,0,0,0,-0.12753129294724755,0.42264460347877486,-0.41352897068757116,0,1,2,1
1,1,1,0,1,-0.41094898929563733,-0.5544867436156191,-0.6039174142171756,6,1,1,1
1,0,0,0,0,0.1440909848247931,0.955842982939804,0.7526002459312559,6,0,0,0
0,0,0,0,0,-0.7795558198065489,0.7051474010636434,-0.3897304152463706,7,1,0,1
0,0,0,0,0,-0.36769912118235704,-0.5544867436156191,-0.5444210256141742,6,1,1,1
1,1,2,0,0,-0.08821323102608364,1.3689947740808708,0.7407009682106556,6,1,1,1
1,1,1,1,0,-0.22173081630003605,1.2588665648528712,-0.09224847223136372,6,1,0,0
1,1,0,1,0,-0.26039357718918055,-0.047281357636975024,-0.2588383603197676,4,1,1,1
1,1,2,0,0,-0.31019645562265485,0.955842982939804,1.157175688431665,6,1,0,1
1,1,0,0,0,2.5277484887953547,1.7257144083193914,3.9773045082139302,6,1,2,1
1,0,0,0,0,-0.2982372117883008,-0.5544867436156191,-0.5920181364965753,6,1,2,0
1,1,0,0,1,-0.4791002966256548,0.4759986427320914,0.50271541379865,6,1,2,1
0,0,1,0,0,1.2874274604406384,-0.5544867436156191,-1.2583776888501907,6,1,2,1
1,0,0,1,0,-0.29577983291822807,-0.11431591977575739,-0.5444210256141742,6,1,0,0
1,1,1,0,0,0.10837707857973587,0.1309074529462169,1.2404706324758672,6,1,1,1
1,1,2,0,0,-0.3473847891897557,0.14150985818245287,0.026744304974639036,6,1,2,1
1,1,0,0,0,-0.5362753116693473,1.7253723952472548,-0.9013993572321825,2,1,1,0
1,0,0,0,0,0.06742076407852347,0.6993331788373204,1.966326573432484,6,1,0,0
1,1,3,0,0,-0.3174047669748682,0.617934067668799,0.05054286041583959,6,1,0,1
0,1,2,0,0,-0.5524940122118274,0.00367859011138504,-0.3897304152463706,7,1,1,1
1,1,0,1,0,-0.3816242681127693,0.061136786230341356,-0.2707376380403678,6,0,1,0
1,0,0,0,0,-0.11802942798296626,0.1004682895260555,0.4670175806368492,6,1,1,0
0,0,0,1,0,-0.3282172340031883,-0.5544867436156191,-0.6039174142171756,6,1,0,0
1,1,2,1,0,-0.5261181456730466,0.04130002804641596,-1.1988813002471892,6,1,1,1
1,0,0,0,0,-0.4756599662075529,-0.5544867436156191,-1.0798885230411865,6,1,1,1
1,1,3,0,1,0.044812878473854234,-0.06746012889303707,-0.5444210256141742,6,1,0,1
1,1,2,0,1,0.41686003940286764,1.8963789313155772,3.9773045082139302,6,1,0,1
1,0,0,0,0,-0.11852090375698081,0.15929453793355838,-0.21124124943736647,6,1,1,0
1,1,2,0,1,1.9817189038651908,-0.5544867436156191,3.0253622905659086,6,1,0,1
1,1,0,0,0,-0.2667827622513697,-0.5544867436156191,-0.4254282484081714,6,1,1,1
1,1,1,1,0,-0.019406622664046805,-0.06540805046021719,0.1814349153424426,6,0,1,1
1,0,1,1,0,-0.44633524502468486,-0.10918572369370771,-0.6158166919377758,6,1,1,1
1,0,0,1,0,0.2260036138272179,-0.5544867436156191,-0.18744269399616592,6,1,1,1
1,1,0,0,0,-0.717302221764706,1.326585153135927,0.8358951899754578,6,1,0,1
1,1,3,0,0,-0.1838871817009158,-0.5544867436156191,-0.5444210256141742,6,1,2,1
1,0,2,0,0,-0.2974180854982766,-0.5544867436156191,-0.4254282484081714,6,0,0,0
1,0,1,0,0,0.957811041334881,-0.5544867436156191,0.5979096355634522,6,1,1,0
0,0,0,1,1,2.0906627004384157,-0.5544867436156191,-0.2469390825991673,6,1,2,1
1,0,0,1,0,-0.46746870330731044,0.14390394968740938,-0.23503980487856702,6,1,0,1
1,1,0,0,0,0.11951719612406565,0.7814163161501152,2.1210171838002876,6,1,2,1
1,0,2,0,0,-0.29266715301613594,-0.5544867436156191,-0.46112608156997226,6,1,1,1
1,1,0,1,0,-0.40734483361953067,-0.3711677369503776,-0.9489964681145835,6,1,0,0
1,1,3,0,0,0.16604356939744294,-0.5544867436156191,0.1338378044600415,2,1,0,1
0,1,1,0,0,-0.13031632233333,0.4185404466131351,-0.06844991679016317,2,1,1,1
0,0,0,0,0,-0.5349647096053085,-0.5544867436156191,-0.5563203033347744,6,0,1,0
0,0,1,0,0,-0.2869332689859662,-0.5544867436156191,-0.6039174142171756,6,1,1,1
1,1,1,1,0,-0.5184183585468186,0.3087542504572721,-0.21124124943736647,6,1,2,1
0,1,0,1,0,-0.3909623078190457,-0.3277320767890237,-0.5206224701729736,6,1,1,1
1,1,0,0,0,-0.4317547970622532,0.11243874705083806,0.11003924901884096,6,1,0,1
1,0,0,1,0,-0.33509789483939195,-0.5544867436156191,-0.7824065800261797,5,1,1,0
1,0,0,0,0,-0.47140050949942686,0.055322564004018394,-0.00895352818716179,6,1,0,1
0,0,0,0,0,-0.06609682119542894,-0.5544867436156191,-0.5087231924523733,6,0,1,0
1,1,0,0,0,-0.4289697676761708,0.13501160981185661,-0.4254282484081714,6,1,0,1
1,1,2,0,1,0.20142982512649044,-0.5544867436156191,-0.21124124943736647,6,0,0,0
1,1,1,1,0,-0.47697056827159173,0.25779430270891207,-0.21124124943736647,6,1,0,1
1,1,1,0,0,-0.3391935262895132,0.5570557408284762,0.1457370821806418,6,1,2,1
1,1,0,1,0,-0.483195928075776,0.243429753679173,0.41942046975444813,6,0,2,0
1,1,0,0,0,-0.2965989592082523,0.9045410221193072,-0.16364413855496537,2,0,0,0
1,1,1,0,0,0.010573399550840669,-0.2015292531706018,-1.4249675769385945,6,1,1,1
0,0,0,0,0,-0.44830114812074306,0.0012844986064285268,-0.7348094691437785,6,1,2,1
1,1,3,0,1,0.7758011796914931,-0.5544867436156191,1.3594634096818698,6,1,1,1
1,1,0,0,0,-0.24843433335482654,0.35834614591708563,0.1933341930630429,6,1,1,1
0,1,0,0,0,-0.20043353275940562,0.2341954007314836,0.43131974747504837,6,1,1,1
1,1,2,1,0,-0.28316528805185465,-0.47171958015855114,-0.44922680384937197,6,1,1,1
0,1,1,0,1,2.306748215746812,-0.5544867436156191,5.405217834685963,6,1,1,1
1,1,0,0,0,0.08511389194304723,0.1480081065530491,0.7763988013724563,6,1,0,1
1,0,0,1,1,0.06496338520845074,-0.5544867436156191,-0.16364413855496537,6,1,1,1
1,1,2,0,0,0.5562753339649946,-0.5544867436156191,1.3356648542406693,6,0,2,0
1,1,0,1,0,-0.15341568371201378,-0.5544867436156191,-0.3064354712021687,6,1,0,1
1,0,0,0,0,-0.3391935262895132,-0.5544867436156191,-0.9013993572321825,6,1,2,1
1,1,3,0,0,-0.3282172340031883,0.30054593672599267,-0.2707376380403678,6,0,0,0
0,0,0,0,0,-0.49564664768414457,-0.5544867436156191,-1.627255298188799,6,1,2,0
1,1,0,0,0,-0.3665523443763231,0.15142823727441557,-0.49682391473177306,6,0,2,0
1,1,1,0,0,-0.32543220461710587,0.04403613262350912,0.47891685835744946,6,1,2,1
1,1,0,0,0,-0.04709309126686639,-0.058225775945347655,0.2290320262248437,6,0,2,0
1,1,2,0,0,1.8450886386891463,-0.5544867436156191,1.537952575490874,6,1,2,1
1,1,2,1,0,0.11820659406002686,0.0012844986064285268,0.49081613607804975,7,1,1,0
1,1,3,0,0,0.16424149155938958,-0.5544867436156191,0.05054286041583959,6,1,1,0
1,1,2,0,0,-0.36769912118235704,-0.39681871736062596,-0.44922680384937197,9,1,2,1
1,1,0,0,0,-0.37949453975870623,0.2013621458063657,-0.11604702767256427,6,0,1,0
1,0,0,0,0,-0.3562313531220176,0.38228706096665077,-0.4254282484081714,6,1,2,1
1,1,1,0,0,-0.5932865014550349,0.20888643339337187,-0.46112608156997226,6,1,0,1
1,0,0,0,0,-0.3639311402482455,0.4431653878069735,0.1814349153424426,6,1,2,1
1,1,2,0,0,0.18619407613203942,-0.5544867436156191,0.7050031350488547,6,1,1,1
1,0,0,0,0,-0.584439937522773,11.018209578272028,-0.6634138028201769,6,1,2,0
0,1,0,0,0,-0.3665523443763231,-0.5544867436156191,-1.3059747997325917,6,1,1,1
1,1,1,0,0,-0.5772316261705597,-0.5544867436156191,-1.0084928567175848,6,1,0,0
1,1,1,0,0,-0.4286421171601611,0.10115231567032879,0.002945749533438485,6,0,0,0
1,1,1,0,0,-0.1835595311849061,0.471552472794315,0.31232697026904566,9,1,0,0
1,1,0,0,0,-0.5089164935825374,-0.03394284782364588,-0.49682391473177306,6,1,2,1
0,0,0,1,0,-0.5305414276391776,-0.5544867436156191,-0.9013993572321825,6,1,1,1
1,0,0,0,0,-0.10705313569664134,-0.5544867436156191,-0.6158166919377758,6,1,1,1
1,1,2,0,1,-0.4386354578984569,-0.5544867436156191,-0.4730253592905725,6,0,1,0
1,1,0,0,0,-0.3937473372051281,0.6138299108031592,-1.0679892453205864,2,1,1,1
1,1,2,0,1,0.09772843680942066,-0.5544867436156191,0.7050031350488547,3,1,1,0
1,0,3,0,1,0.6476898279317007,-0.5544867436156191,1.7402402967410786,6,1,1,1
1,1,0,0,0,-0.2530214405789623,0.5741563944353084,-0.044651361348962616,2,1,0,1
1,1,0,0,1,1.7556400478184984,-0.5544867436156191,1.3594634096818698,6,1,2,1
1,0,0,1,0,-0.2572808972870884,-0.5544867436156191,-0.4254282484081714,6,1,0,1
1,1,2,1,1,0.16047351062527804,-0.21247367147897442,0.49081613607804975,6,1,0,0
1,0,0,0,0,-0.39587706555919117,-0.5544867436156191,-0.6872123582613775,6,0,1,0
1,1,0,0,1,0.7469679342826396,-0.5544867436156191,0.40752119203384785,6,1,0,1
1,1,2,0,0,0.061686880048353744,-0.5544867436156191,0.5503125246810512,6,1,2,1
0,0,3,0,0,-0.8170718038896595,13.696171933101956,2.4303984045358944,2,1,2,0
1,1,0,1,0,-0.4111128145536422,0.4004137537898929,0.11003924901884096,6,1,0,1
1,1,3,0,0,0.04907233518198032,-0.5544867436156191,-0.21124124943736647,6,1,2,1
1,0,0,0,0,-0.2830014627938498,0.9165114796440899,0.31232697026904566,6,1,0,1
0,1,1,0,0,1.0806799848385182,-0.5544867436156191,4.167692951743534,6,1,1,1
1,1,0,1,0,-0.4920424920080379,0.7451629305036308,-0.21124124943736647,2,1,2,0
1,1,1,0,0,-0.3282172340031883,0.30054593672599267,0.3242262479896459,6,1,1,1
1,1,2,1,0,-0.23205180755434157,-0.07190629883081344,0.1338378044600415,6,1,0,1
1,1,0,0,0,-0.355739877348003,0.11243874705083806,-0.44922680384937197,6,1,0,1
0,0,0,0,0,-0.4101298630056131,-0.5544867436156191,-0.8895000795115822,6,1,0,1
1,1,3,0,0,-0.21255660185176448,-0.5544867436156191,-1.2583776888501907,2,1,0,1
1,1,1,0,0,0.437174371395469,-0.4724036063028244,1.276168465637668,6,1,2,1
1,1,2,0,0,0.35706382023109756,-0.5544867436156191,0.49081613607804975,6,1,2,1
0,0,0,0,1,-0.13441195378345122,-0.5544867436156191,-0.1517448608343651,6,0,1,0
